customer_id,customer_name,region,city,signup_date
CUST00001,Customer 1,Central,Nagpur,2023-06-04
CUST00002,Customer 2,East,Bhubaneswar,2025-06-07
CUST00003,Customer 3,Central,Kanpur,2023-12-15
CUST00004,Customer 4,East,Patna,2024-03-26
CUST00005,Customer 5,West,Pune,2025-05-25
CUST00006,Customer 6,Central,Kanpur,2024-10-14
CUST00007,Customer 7,West,Surat,2023-06-22
CUST00008,Customer 8,South,Chennai,2023-01-10
CUST00009,Customer 9,South,Hyderabad,2025-01-09
CUST00010,Customer 10,North,Chandigarh,2023-09-22
CUST00011,Customer 11,Central,Nagpur,2024-03-13
CUST00012,Customer 12,West,Mumbai,2025-01-29
CUST00013,Customer 13,East,Bhubaneswar,2023-09-04
CUST00014,Customer 14,South,Kochi,2024-10-28
CUST00015,Customer 15,South,Hyderabad,2024-06-29
CUST00016,Customer 16,East,Bhubaneswar,2024-05-13
CUST00017,Customer 17,West,Ahmedabad,2023-05-09
CUST00018,Customer 18,West,Surat,2024-11-02
CUST00019,Customer 19,Central,Indore,2024-08-23
CUST00020,Customer 20,Central,Kanpur,2024-08-27
CUST00021,Customer 21,North,Lucknow,2023-11-23
CUST00022,Customer 22,South,Chennai,2025-01-22
CUST00023,Customer 23,Central,Indore,2025-04-14
CUST00024,Customer 24,West,Ahmedabad,2024-02-08
CUST00025,Customer 25,East,Kolkata,2024-09-20
CUST00026,Customer 26,West,Ahmedabad,2024-08-28
CUST00027,Customer 27,South,Hyderabad,2024-11-05
CUST00028,Customer 28,West,Surat,2024-09-02
CUST00029,Customer 29,North,Chandigarh,2024-09-16
CUST00030,Customer 30,South,Chennai,2023-12-25
CUST00031,Customer 31,East,Ranchi,2024-08-25
CUST00032,Customer 32,North,Chandigarh,2025-05-07
CUST00033,Customer 33,South,Kochi,2024-12-18
CUST00034,Customer 34,East,Ranchi,2023-01-17
CUST00035,Customer 35,North,Delhi,2023-10-01
CUST00036,Customer 36,North,Chandigarh,2024-11-15
CUST00037,Customer 37,South,Bengaluru,2023-04-26
CUST00038,Customer 38,Central,Kanpur,2025-05-10
CUST00039,Customer 39,North,Chandigarh,2024-11-23
CUST00040,Customer 40,North,Lucknow,2023-04-01
CUST00041,Customer 41,East,Kolkata,2023-03-23
CUST00042,Customer 42,West,Ahmedabad,2023-11-20
CUST00043,Customer 43,South,Hyderabad,2023-04-24
CUST00044,Customer 44,South,Kochi,2025-02-07
CUST00045,Customer 45,Central,Bhopal,2023-02-27
CUST00046,Customer 46,Central,Nagpur,2023-06-03
CUST00047,Customer 47,South,Chennai,2025-05-26
CUST00048,Customer 48,Central,Bhopal,2024-02-08
CUST00049,Customer 49,East,Ranchi,2024-09-19
CUST00050,Customer 50,South,Kochi,2025-05-04
CUST00051,Customer 51,Central,Bhopal,2023-09-23
CUST00052,Customer 52,South,Kochi,2023-11-11
CUST00053,Customer 53,West,Pune,2024-12-15
CUST00054,Customer 54,North,Lucknow,2023-02-10
CUST00055,Customer 55,South,Kochi,2023-04-15
CUST00056,Customer 56,North,Lucknow,2025-06-19
CUST00057,Customer 57,Central,Kanpur,2025-06-08
CUST00058,Customer 58,North,Lucknow,2023-07-12
CUST00059,Customer 59,South,Hyderabad,2024-02-05
CUST00060,Customer 60,West,Pune,2023-10-05
CUST00061,Customer 61,Central,Indore,2023-12-20
CUST00062,Customer 62,South,Kochi,2025-01-18
CUST00063,Customer 63,Central,Bhopal,2025-01-02
CUST00064,Customer 64,East,Kolkata,2024-08-02
CUST00065,Customer 65,North,Chandigarh,2024-12-09
CUST00066,Customer 66,East,Kolkata,2023-09-13
CUST00067,Customer 67,South,Hyderabad,2024-10-12
CUST00068,Customer 68,West,Surat,2025-04-03
CUST00069,Customer 69,Central,Nagpur,2024-10-22
CUST00070,Customer 70,North,Delhi,2023-04-09
CUST00071,Customer 71,Central,Nagpur,2024-08-10
CUST00072,Customer 72,South,Kochi,2023-10-09
CUST00073,Customer 73,Central,Nagpur,2025-06-01
CUST00074,Customer 74,North,Lucknow,2024-02-07
CUST00075,Customer 75,South,Bengaluru,2023-04-19
CUST00076,Customer 76,Central,Nagpur,2024-11-30
CUST00077,Customer 77,West,Pune,2023-07-18
CUST00078,Customer 78,South,Chennai,2023-10-30
CUST00079,Customer 79,South,Chennai,2023-11-23
CUST00080,Customer 80,West,Pune,2023-06-03
CUST00081,Customer 81,East,Patna,2024-07-05
CUST00082,Customer 82,North,Chandigarh,2024-10-06
CUST00083,Customer 83,East,Kolkata,2024-02-09
CUST00084,Customer 84,Central,Nagpur,2024-04-06
CUST00085,Customer 85,West,Ahmedabad,2023-05-12
CUST00086,Customer 86,East,Bhubaneswar,2025-03-01
CUST00087,Customer 87,South,Hyderabad,2025-05-23
CUST00088,Customer 88,Central,Nagpur,2023-03-25
CUST00089,Customer 89,Central,Kanpur,2024-02-03
CUST00090,Customer 90,East,Patna,2025-01-23
CUST00091,Customer 91,East,Kolkata,2024-09-19
CUST00092,Customer 92,West,Ahmedabad,2023-04-19
CUST00093,Customer 93,North,Delhi,2023-08-09
CUST00094,Customer 94,East,Kolkata,2025-06-22
CUST00095,Customer 95,East,Bhubaneswar,2024-07-06
CUST00096,Customer 96,South,Bengaluru,2024-01-03
CUST00097,Customer 97,Central,Bhopal,2023-05-27
CUST00098,Customer 98,North,Chandigarh,2023-04-22
CUST00099,Customer 99,South,Kochi,2024-09-06
CUST00100,Customer 100,West,Pune,2024-07-11
CUST00101,Customer 101,West,Pune,2024-05-08
CUST00102,Customer 102,East,Patna,2024-05-19
CUST00103,Customer 103,East,Patna,2024-04-19
CUST00104,Customer 104,West,Ahmedabad,2025-04-15
CUST00105,Customer 105,East,Ranchi,2025-06-08
CUST00106,Customer 106,North,Lucknow,2023-09-28
CUST00107,Customer 107,East,Kolkata,2024-02-25
CUST00108,Customer 108,Central,Kanpur,2025-06-15
CUST00109,Customer 109,East,Patna,2024-12-07
CUST00110,Customer 110,South,Bengaluru,2024-01-02
CUST00111,Customer 111,North,Chandigarh,2023-10-07
CUST00112,Customer 112,South,Bengaluru,2023-10-10
CUST00113,Customer 113,South,Kochi,2023-02-09
CUST00114,Customer 114,Central,Bhopal,2023-07-08
CUST00115,Customer 115,North,Jaipur,2023-06-13
CUST00116,Customer 116,North,Jaipur,2024-06-19
CUST00117,Customer 117,North,Jaipur,2024-06-19
CUST00118,Customer 118,North,Delhi,2023-01-04
CUST00119,Customer 119,North,Lucknow,2025-04-14
CUST00120,Customer 120,Central,Kanpur,2023-10-17
CUST00121,Customer 121,East,Ranchi,2024-03-08
CUST00122,Customer 122,South,Bengaluru,2024-04-15
CUST00123,Customer 123,North,Delhi,2023-06-30
CUST00124,Customer 124,East,Ranchi,2023-09-05
CUST00125,Customer 125,East,Bhubaneswar,2024-09-19
CUST00126,Customer 126,South,Chennai,2023-10-06
CUST00127,Customer 127,Central,Bhopal,2025-05-26
CUST00128,Customer 128,West,Ahmedabad,2024-08-03
CUST00129,Customer 129,West,Surat,2025-05-12
CUST00130,Customer 130,East,Ranchi,2023-09-11
CUST00131,Customer 131,South,Bengaluru,2023-06-30
CUST00132,Customer 132,West,Ahmedabad,2025-04-09
CUST00133,Customer 133,East,Bhubaneswar,2024-11-11
CUST00134,Customer 134,Central,Indore,2025-04-04
CUST00135,Customer 135,West,Surat,2024-05-23
CUST00136,Customer 136,East,Ranchi,2025-01-30
CUST00137,Customer 137,East,Kolkata,2024-11-30
CUST00138,Customer 138,North,Delhi,2024-07-19
CUST00139,Customer 139,Central,Nagpur,2023-11-22
CUST00140,Customer 140,North,Jaipur,2023-12-23
CUST00141,Customer 141,South,Chennai,2025-04-04
CUST00142,Customer 142,North,Lucknow,2024-10-11
CUST00143,Customer 143,North,Chandigarh,2024-11-10
CUST00144,Customer 144,West,Surat,2024-01-26
CUST00145,Customer 145,East,Bhubaneswar,2024-09-06
CUST00146,Customer 146,Central,Bhopal,2023-03-26
CUST00147,Customer 147,North,Chandigarh,2023-11-13
CUST00148,Customer 148,Central,Kanpur,2023-07-31
CUST00149,Customer 149,North,Chandigarh,2024-05-29
CUST00150,Customer 150,South,Kochi,2024-01-19
CUST00151,Customer 151,North,Jaipur,2024-11-21
CUST00152,Customer 152,West,Pune,2023-12-08
CUST00153,Customer 153,East,Kolkata,2025-03-25
CUST00154,Customer 154,South,Bengaluru,2025-04-23
CUST00155,Customer 155,North,Lucknow,2023-02-07
CUST00156,Customer 156,Central,Nagpur,2024-05-25
CUST00157,Customer 157,South,Chennai,2024-02-24
CUST00158,Customer 158,South,Bengaluru,2025-01-20
CUST00159,Customer 159,North,Lucknow,2023-06-18
CUST00160,Customer 160,South,Hyderabad,2025-06-27
CUST00161,Customer 161,Central,Bhopal,2023-12-09
CUST00162,Customer 162,South,Chennai,2025-04-05
CUST00163,Customer 163,Central,Indore,2023-11-02
CUST00164,Customer 164,North,Delhi,2024-06-25
CUST00165,Customer 165,East,Patna,2024-12-02
CUST00166,Customer 166,South,Kochi,2025-05-18
CUST00167,Customer 167,East,Ranchi,2024-06-20
CUST00168,Customer 168,Central,Bhopal,2023-04-22
CUST00169,Customer 169,South,Bengaluru,2024-02-15
CUST00170,Customer 170,West,Mumbai,2023-07-25
CUST00171,Customer 171,East,Ranchi,2023-07-04
CUST00172,Customer 172,South,Hyderabad,2024-01-17
CUST00173,Customer 173,East,Bhubaneswar,2024-05-10
CUST00174,Customer 174,South,Hyderabad,2024-01-14
CUST00175,Customer 175,North,Lucknow,2023-02-16
CUST00176,Customer 176,East,Patna,2025-06-04
CUST00177,Customer 177,West,Mumbai,2025-01-09
CUST00178,Customer 178,West,Surat,2024-07-04
CUST00179,Customer 179,Central,Kanpur,2024-06-11
CUST00180,Customer 180,South,Kochi,2024-05-18
CUST00181,Customer 181,East,Bhubaneswar,2023-01-22
CUST00182,Customer 182,Central,Bhopal,2023-08-01
CUST00183,Customer 183,East,Patna,2023-11-06
CUST00184,Customer 184,South,Kochi,2024-10-22
CUST00185,Customer 185,West,Surat,2025-01-22
CUST00186,Customer 186,North,Chandigarh,2023-09-29
CUST00187,Customer 187,West,Ahmedabad,2024-07-24
CUST00188,Customer 188,Central,Indore,2025-03-09
CUST00189,Customer 189,North,Jaipur,2023-07-21
CUST00190,Customer 190,Central,Kanpur,2023-02-01
CUST00191,Customer 191,South,Kochi,2024-03-18
CUST00192,Customer 192,North,Chandigarh,2023-06-11
CUST00193,Customer 193,Central,Kanpur,2025-02-05
CUST00194,Customer 194,South,Kochi,2023-09-11
CUST00195,Customer 195,West,Ahmedabad,2024-06-04
CUST00196,Customer 196,South,Hyderabad,2024-10-12
CUST00197,Customer 197,East,Ranchi,2024-04-24
CUST00198,Customer 198,South,Hyderabad,2023-01-10
CUST00199,Customer 199,South,Hyderabad,2024-12-26
CUST00200,Customer 200,East,Ranchi,2024-05-19
CUST00201,Customer 201,Central,Bhopal,2025-02-23
CUST00202,Customer 202,Central,Kanpur,2025-04-15
CUST00203,Customer 203,South,Hyderabad,2024-07-13
CUST00204,Customer 204,East,Bhubaneswar,2024-03-11
CUST00205,Customer 205,East,Patna,2023-04-21
CUST00206,Customer 206,West,Ahmedabad,2023-06-02
CUST00207,Customer 207,Central,Kanpur,2024-09-26
CUST00208,Customer 208,North,Lucknow,2025-05-18
CUST00209,Customer 209,Central,Kanpur,2023-04-12
CUST00210,Customer 210,Central,Kanpur,2025-01-22
CUST00211,Customer 211,West,Mumbai,2025-04-12
CUST00212,Customer 212,North,Jaipur,2023-07-10
CUST00213,Customer 213,West,Surat,2024-12-29
CUST00214,Customer 214,North,Jaipur,2024-07-16
CUST00215,Customer 215,South,Kochi,2025-03-14
CUST00216,Customer 216,North,Chandigarh,2023-03-22
CUST00217,Customer 217,West,Mumbai,2024-05-03
CUST00218,Customer 218,Central,Indore,2025-06-13
CUST00219,Customer 219,North,Delhi,2023-03-29
CUST00220,Customer 220,North,Lucknow,2023-07-13
CUST00221,Customer 221,East,Ranchi,2023-04-14
CUST00222,Customer 222,Central,Kanpur,2025-02-21
CUST00223,Customer 223,South,Hyderabad,2023-04-06
CUST00224,Customer 224,West,Pune,2024-02-27
CUST00225,Customer 225,South,Hyderabad,2025-06-09
CUST00226,Customer 226,Central,Kanpur,2023-07-17
CUST00227,Customer 227,North,Jaipur,2023-01-01
CUST00228,Customer 228,North,Lucknow,2024-02-11
CUST00229,Customer 229,Central,Indore,2024-01-13
CUST00230,Customer 230,North,Lucknow,2023-06-16
CUST00231,Customer 231,North,Lucknow,2024-05-23
CUST00232,Customer 232,North,Lucknow,2024-09-29
CUST00233,Customer 233,West,Pune,2023-11-09
CUST00234,Customer 234,West,Surat,2024-08-15
CUST00235,Customer 235,East,Bhubaneswar,2024-02-22
CUST00236,Customer 236,South,Chennai,2025-02-01
CUST00237,Customer 237,Central,Bhopal,2024-11-11
CUST00238,Customer 238,Central,Nagpur,2024-04-21
CUST00239,Customer 239,Central,Kanpur,2023-03-14
CUST00240,Customer 240,East,Ranchi,2023-05-21
CUST00241,Customer 241,West,Pune,2024-08-04
CUST00242,Customer 242,East,Patna,2023-09-19
CUST00243,Customer 243,Central,Indore,2023-12-06
CUST00244,Customer 244,South,Chennai,2023-11-04
CUST00245,Customer 245,North,Lucknow,2023-09-02
CUST00246,Customer 246,West,Pune,2024-05-29
CUST00247,Customer 247,West,Ahmedabad,2023-12-03
CUST00248,Customer 248,East,Ranchi,2024-07-28
CUST00249,Customer 249,West,Mumbai,2024-07-14
CUST00250,Customer 250,Central,Kanpur,2023-03-17
CUST00251,Customer 251,Central,Nagpur,2025-05-29
CUST00252,Customer 252,East,Ranchi,2023-06-24
CUST00253,Customer 253,Central,Bhopal,2023-04-19
CUST00254,Customer 254,South,Chennai,2023-07-02
CUST00255,Customer 255,East,Bhubaneswar,2023-07-11
CUST00256,Customer 256,South,Hyderabad,2023-03-06
CUST00257,Customer 257,North,Jaipur,2025-04-28
CUST00258,Customer 258,South,Kochi,2024-04-18
CUST00259,Customer 259,North,Delhi,2025-02-21
CUST00260,Customer 260,North,Lucknow,2023-04-10
CUST00261,Customer 261,South,Chennai,2024-06-27
CUST00262,Customer 262,East,Patna,2025-05-13
CUST00263,Customer 263,Central,Indore,2023-05-08
CUST00264,Customer 264,Central,Bhopal,2024-03-27
CUST00265,Customer 265,North,Lucknow,2024-01-04
CUST00266,Customer 266,North,Delhi,2025-04-30
CUST00267,Customer 267,East,Ranchi,2023-02-12
CUST00268,Customer 268,West,Surat,2025-06-02
CUST00269,Customer 269,South,Bengaluru,2024-02-23
CUST00270,Customer 270,North,Lucknow,2024-05-02
CUST00271,Customer 271,Central,Bhopal,2023-03-19
CUST00272,Customer 272,East,Patna,2025-04-05
CUST00273,Customer 273,South,Bengaluru,2025-03-11
CUST00274,Customer 274,East,Patna,2023-09-27
CUST00275,Customer 275,South,Kochi,2024-11-04
CUST00276,Customer 276,South,Hyderabad,2024-12-01
CUST00277,Customer 277,North,Delhi,2025-01-28
CUST00278,Customer 278,East,Ranchi,2025-06-18
CUST00279,Customer 279,East,Patna,2024-12-28
CUST00280,Customer 280,Central,Indore,2023-11-11
CUST00281,Customer 281,Central,Nagpur,2025-04-30
CUST00282,Customer 282,North,Jaipur,2025-06-20
CUST00283,Customer 283,North,Chandigarh,2025-06-07
CUST00284,Customer 284,West,Pune,2023-06-17
CUST00285,Customer 285,Central,Kanpur,2023-12-05
CUST00286,Customer 286,South,Bengaluru,2023-07-12
CUST00287,Customer 287,East,Ranchi,2024-03-28
CUST00288,Customer 288,North,Chandigarh,2023-10-10
CUST00289,Customer 289,East,Kolkata,2023-12-02
CUST00290,Customer 290,East,Bhubaneswar,2024-01-25
CUST00291,Customer 291,West,Mumbai,2024-06-08
CUST00292,Customer 292,Central,Nagpur,2023-08-28
CUST00293,Customer 293,North,Delhi,2025-04-11
CUST00294,Customer 294,East,Ranchi,2024-04-27
CUST00295,Customer 295,North,Chandigarh,2024-10-20
CUST00296,Customer 296,South,Bengaluru,2024-12-16
CUST00297,Customer 297,West,Pune,2024-08-14
CUST00298,Customer 298,South,Hyderabad,2025-06-09
CUST00299,Customer 299,North,Delhi,2024-07-08
CUST00300,Customer 300,North,Lucknow,2024-04-02
CUST00301,Customer 301,Central,Kanpur,2023-03-30
CUST00302,Customer 302,East,Patna,2024-10-21
CUST00303,Customer 303,East,Bhubaneswar,2023-04-05
CUST00304,Customer 304,South,Chennai,2024-03-27
CUST00305,Customer 305,West,Mumbai,2024-03-03
CUST00306,Customer 306,East,Ranchi,2023-05-31
CUST00307,Customer 307,Central,Indore,2024-05-28
CUST00308,Customer 308,South,Kochi,2024-01-11
CUST00309,Customer 309,South,Kochi,2023-01-22
CUST00310,Customer 310,Central,Nagpur,2025-06-01
CUST00311,Customer 311,West,Pune,2023-11-09
CUST00312,Customer 312,Central,Kanpur,2025-04-19
CUST00313,Customer 313,West,Mumbai,2024-06-02
CUST00314,Customer 314,Central,Bhopal,2023-07-25
CUST00315,Customer 315,Central,Bhopal,2024-01-10
CUST00316,Customer 316,North,Delhi,2024-03-26
CUST00317,Customer 317,South,Kochi,2024-09-17
CUST00318,Customer 318,Central,Indore,2025-02-22
CUST00319,Customer 319,Central,Indore,2024-08-17
CUST00320,Customer 320,East,Patna,2023-06-28
CUST00321,Customer 321,South,Kochi,2023-07-29
CUST00322,Customer 322,East,Kolkata,2024-05-14
CUST00323,Customer 323,South,Chennai,2024-04-08
CUST00324,Customer 324,East,Kolkata,2025-04-19
CUST00325,Customer 325,Central,Nagpur,2023-05-04
CUST00326,Customer 326,Central,Bhopal,2023-04-23
CUST00327,Customer 327,North,Chandigarh,2023-01-12
CUST00328,Customer 328,East,Patna,2023-05-06
CUST00329,Customer 329,West,Ahmedabad,2024-07-18
CUST00330,Customer 330,North,Chandigarh,2023-11-27
CUST00331,Customer 331,East,Bhubaneswar,2025-06-19
CUST00332,Customer 332,East,Bhubaneswar,2023-10-10
CUST00333,Customer 333,North,Delhi,2023-05-20
CUST00334,Customer 334,Central,Indore,2024-02-05
CUST00335,Customer 335,East,Kolkata,2025-06-20
CUST00336,Customer 336,Central,Kanpur,2023-04-07
CUST00337,Customer 337,North,Chandigarh,2024-05-31
CUST00338,Customer 338,Central,Nagpur,2024-07-22
CUST00339,Customer 339,South,Bengaluru,2025-04-25
CUST00340,Customer 340,West,Ahmedabad,2023-03-10
CUST00341,Customer 341,East,Ranchi,2023-04-28
CUST00342,Customer 342,West,Mumbai,2025-06-06
CUST00343,Customer 343,Central,Kanpur,2023-02-28
CUST00344,Customer 344,East,Kolkata,2023-02-02
CUST00345,Customer 345,Central,Kanpur,2023-11-14
CUST00346,Customer 346,South,Bengaluru,2023-02-19
CUST00347,Customer 347,North,Delhi,2025-05-29
CUST00348,Customer 348,East,Ranchi,2024-05-03
CUST00349,Customer 349,South,Hyderabad,2023-01-19
CUST00350,Customer 350,South,Bengaluru,2024-12-26
CUST00351,Customer 351,East,Bhubaneswar,2023-07-16
CUST00352,Customer 352,Central,Nagpur,2025-06-09
CUST00353,Customer 353,South,Kochi,2024-03-25
CUST00354,Customer 354,West,Mumbai,2024-07-12
CUST00355,Customer 355,South,Kochi,2024-11-09
CUST00356,Customer 356,Central,Kanpur,2024-03-27
CUST00357,Customer 357,Central,Indore,2023-10-16
CUST00358,Customer 358,West,Ahmedabad,2023-05-21
CUST00359,Customer 359,South,Kochi,2023-03-25
CUST00360,Customer 360,Central,Nagpur,2024-11-24
CUST00361,Customer 361,East,Bhubaneswar,2024-01-26
CUST00362,Customer 362,North,Chandigarh,2024-08-13
CUST00363,Customer 363,North,Jaipur,2023-08-03
CUST00364,Customer 364,North,Lucknow,2024-06-09
CUST00365,Customer 365,South,Hyderabad,2023-08-03
CUST00366,Customer 366,West,Mumbai,2024-02-07
CUST00367,Customer 367,Central,Indore,2023-05-08
CUST00368,Customer 368,East,Bhubaneswar,2025-04-01
CUST00369,Customer 369,East,Ranchi,2024-04-21
CUST00370,Customer 370,South,Bengaluru,2025-01-29
CUST00371,Customer 371,North,Jaipur,2024-02-08
CUST00372,Customer 372,South,Kochi,2023-01-29
CUST00373,Customer 373,West,Mumbai,2025-03-02
CUST00374,Customer 374,West,Ahmedabad,2023-12-04
CUST00375,Customer 375,Central,Bhopal,2025-04-10
CUST00376,Customer 376,Central,Nagpur,2024-12-14
CUST00377,Customer 377,West,Mumbai,2023-12-27
CUST00378,Customer 378,West,Mumbai,2024-07-22
CUST00379,Customer 379,West,Ahmedabad,2024-01-27
CUST00380,Customer 380,South,Kochi,2023-08-06
CUST00381,Customer 381,West,Ahmedabad,2024-07-27
CUST00382,Customer 382,East,Patna,2024-10-30
CUST00383,Customer 383,North,Chandigarh,2023-07-21
CUST00384,Customer 384,West,Surat,2023-01-17
CUST00385,Customer 385,North,Chandigarh,2023-11-18
CUST00386,Customer 386,South,Chennai,2024-06-01
CUST00387,Customer 387,North,Chandigarh,2024-07-23
CUST00388,Customer 388,South,Bengaluru,2023-11-21
CUST00389,Customer 389,East,Patna,2024-02-16
CUST00390,Customer 390,South,Chennai,2023-11-14
CUST00391,Customer 391,South,Kochi,2024-11-11
CUST00392,Customer 392,Central,Bhopal,2023-03-23
CUST00393,Customer 393,West,Surat,2024-04-18
CUST00394,Customer 394,West,Pune,2024-04-12
CUST00395,Customer 395,East,Patna,2024-02-29
CUST00396,Customer 396,East,Patna,2024-12-31
CUST00397,Customer 397,West,Mumbai,2024-11-19
CUST00398,Customer 398,Central,Kanpur,2023-07-23
CUST00399,Customer 399,West,Surat,2024-08-05
CUST00400,Customer 400,Central,Indore,2024-01-22
CUST00401,Customer 401,East,Bhubaneswar,2025-02-16
CUST00402,Customer 402,North,Jaipur,2023-04-08
CUST00403,Customer 403,East,Bhubaneswar,2023-12-11
CUST00404,Customer 404,East,Kolkata,2025-03-13
CUST00405,Customer 405,South,Chennai,2023-07-27
CUST00406,Customer 406,South,Bengaluru,2024-05-28
CUST00407,Customer 407,South,Bengaluru,2024-09-27
CUST00408,Customer 408,South,Kochi,2025-03-02
CUST00409,Customer 409,Central,Bhopal,2024-08-08
CUST00410,Customer 410,West,Pune,2023-06-15
CUST00411,Customer 411,North,Lucknow,2023-01-22
CUST00412,Customer 412,East,Ranchi,2023-06-03
CUST00413,Customer 413,Central,Indore,2024-03-14
CUST00414,Customer 414,North,Chandigarh,2023-10-22
CUST00415,Customer 415,Central,Bhopal,2023-08-07
CUST00416,Customer 416,Central,Kanpur,2024-10-30
CUST00417,Customer 417,East,Kolkata,2024-05-09
CUST00418,Customer 418,West,Mumbai,2023-08-18
CUST00419,Customer 419,South,Bengaluru,2023-01-20
CUST00420,Customer 420,West,Mumbai,2024-07-06
CUST00421,Customer 421,East,Patna,2023-05-28
CUST00422,Customer 422,East,Ranchi,2023-04-18
CUST00423,Customer 423,East,Bhubaneswar,2024-02-07
CUST00424,Customer 424,North,Lucknow,2024-08-18
CUST00425,Customer 425,West,Surat,2024-04-27
CUST00426,Customer 426,West,Mumbai,2024-01-02
CUST00427,Customer 427,Central,Nagpur,2025-04-13
CUST00428,Customer 428,Central,Nagpur,2024-02-18
CUST00429,Customer 429,Central,Kanpur,2023-11-05
CUST00430,Customer 430,East,Kolkata,2025-03-12
CUST00431,Customer 431,West,Mumbai,2025-04-14
CUST00432,Customer 432,East,Bhubaneswar,2023-05-14
CUST00433,Customer 433,North,Delhi,2024-12-19
CUST00434,Customer 434,Central,Bhopal,2023-10-10
CUST00435,Customer 435,East,Kolkata,2025-02-16
CUST00436,Customer 436,East,Bhubaneswar,2023-03-14
CUST00437,Customer 437,North,Chandigarh,2024-04-25
CUST00438,Customer 438,South,Hyderabad,2023-12-18
CUST00439,Customer 439,West,Surat,2024-07-13
CUST00440,Customer 440,South,Kochi,2023-11-22
CUST00441,Customer 441,Central,Kanpur,2025-01-14
CUST00442,Customer 442,East,Bhubaneswar,2024-03-18
CUST00443,Customer 443,North,Lucknow,2023-04-10
CUST00444,Customer 444,North,Delhi,2023-02-28
CUST00445,Customer 445,West,Mumbai,2024-05-22
CUST00446,Customer 446,South,Bengaluru,2023-09-15
CUST00447,Customer 447,West,Surat,2024-02-17
CUST00448,Customer 448,East,Bhubaneswar,2024-03-27
CUST00449,Customer 449,West,Pune,2023-03-06
CUST00450,Customer 450,North,Lucknow,2024-08-17
CUST00451,Customer 451,North,Jaipur,2023-06-03
CUST00452,Customer 452,Central,Bhopal,2023-09-23
CUST00453,Customer 453,Central,Kanpur,2025-03-31
CUST00454,Customer 454,East,Kolkata,2023-03-20
CUST00455,Customer 455,South,Kochi,2023-11-11
CUST00456,Customer 456,West,Mumbai,2024-10-23
CUST00457,Customer 457,East,Kolkata,2024-07-13
CUST00458,Customer 458,Central,Kanpur,2025-06-09
CUST00459,Customer 459,West,Mumbai,2023-09-05
CUST00460,Customer 460,Central,Nagpur,2025-02-28
CUST00461,Customer 461,West,Mumbai,2025-05-17
CUST00462,Customer 462,South,Hyderabad,2024-09-01
CUST00463,Customer 463,East,Patna,2024-02-18
CUST00464,Customer 464,West,Ahmedabad,2023-01-25
CUST00465,Customer 465,North,Lucknow,2023-10-11
CUST00466,Customer 466,North,Delhi,2024-03-24
CUST00467,Customer 467,West,Ahmedabad,2025-05-30
CUST00468,Customer 468,West,Mumbai,2023-10-28
CUST00469,Customer 469,West,Surat,2023-03-09
CUST00470,Customer 470,North,Lucknow,2023-01-07
CUST00471,Customer 471,North,Jaipur,2025-03-27
CUST00472,Customer 472,West,Ahmedabad,2023-05-17
CUST00473,Customer 473,Central,Indore,2023-06-13
CUST00474,Customer 474,Central,Kanpur,2023-03-24
CUST00475,Customer 475,South,Hyderabad,2025-06-15
CUST00476,Customer 476,East,Bhubaneswar,2024-10-11
CUST00477,Customer 477,Central,Kanpur,2024-02-24
CUST00478,Customer 478,North,Delhi,2023-03-14
CUST00479,Customer 479,Central,Nagpur,2023-08-25
CUST00480,Customer 480,South,Kochi,2023-02-15
CUST00481,Customer 481,South,Hyderabad,2024-09-09
CUST00482,Customer 482,East,Ranchi,2025-03-10
CUST00483,Customer 483,Central,Nagpur,2023-09-19
CUST00484,Customer 484,North,Chandigarh,2023-06-25
CUST00485,Customer 485,North,Delhi,2023-06-15
CUST00486,Customer 486,West,Mumbai,2024-10-18
CUST00487,Customer 487,North,Delhi,2025-04-21
CUST00488,Customer 488,East,Ranchi,2024-01-05
CUST00489,Customer 489,East,Kolkata,2025-03-05
CUST00490,Customer 490,North,Chandigarh,2023-02-23
CUST00491,Customer 491,North,Delhi,2024-11-20
CUST00492,Customer 492,West,Mumbai,2024-02-23
CUST00493,Customer 493,North,Jaipur,2025-01-25
CUST00494,Customer 494,West,Ahmedabad,2024-05-21
CUST00495,Customer 495,West,Surat,2023-12-07
CUST00496,Customer 496,North,Jaipur,2023-05-07
CUST00497,Customer 497,South,Bengaluru,2024-02-13
CUST00498,Customer 498,South,Kochi,2024-01-02
CUST00499,Customer 499,West,Mumbai,2023-09-28
CUST00500,Customer 500,North,Lucknow,2024-10-05
CUST00501,Customer 501,South,Chennai,2024-08-27
CUST00502,Customer 502,North,Lucknow,2024-01-14
CUST00503,Customer 503,North,Jaipur,2023-03-14
CUST00504,Customer 504,North,Delhi,2023-09-05
CUST00505,Customer 505,Central,Indore,2025-05-09
CUST00506,Customer 506,North,Lucknow,2025-02-23
CUST00507,Customer 507,Central,Kanpur,2023-02-12
CUST00508,Customer 508,West,Ahmedabad,2024-01-12
CUST00509,Customer 509,South,Kochi,2023-02-10
CUST00510,Customer 510,South,Chennai,2023-06-19
CUST00511,Customer 511,South,Chennai,2023-07-31
CUST00512,Customer 512,South,Chennai,2024-05-07
CUST00513,Customer 513,South,Kochi,2024-11-10
CUST00514,Customer 514,South,Chennai,2023-02-08
CUST00515,Customer 515,South,Bengaluru,2024-01-04
CUST00516,Customer 516,West,Ahmedabad,2025-01-26
CUST00517,Customer 517,North,Chandigarh,2023-05-31
CUST00518,Customer 518,East,Bhubaneswar,2023-04-21
CUST00519,Customer 519,Central,Kanpur,2024-04-24
CUST00520,Customer 520,East,Patna,2024-03-11
CUST00521,Customer 521,East,Patna,2023-02-16
CUST00522,Customer 522,North,Chandigarh,2024-07-28
CUST00523,Customer 523,North,Chandigarh,2025-01-06
CUST00524,Customer 524,North,Chandigarh,2024-01-01
CUST00525,Customer 525,South,Bengaluru,2023-03-10
CUST00526,Customer 526,West,Mumbai,2023-10-26
CUST00527,Customer 527,South,Kochi,2025-03-12
CUST00528,Customer 528,West,Pune,2023-10-23
CUST00529,Customer 529,West,Ahmedabad,2023-07-22
CUST00530,Customer 530,East,Patna,2023-03-02
CUST00531,Customer 531,East,Kolkata,2025-04-09
CUST00532,Customer 532,West,Ahmedabad,2023-11-10
CUST00533,Customer 533,West,Pune,2023-06-10
CUST00534,Customer 534,South,Hyderabad,2023-11-27
CUST00535,Customer 535,South,Bengaluru,2024-06-11
CUST00536,Customer 536,East,Kolkata,2023-12-04
CUST00537,Customer 537,North,Jaipur,2024-08-28
CUST00538,Customer 538,West,Pune,2023-10-31
CUST00539,Customer 539,South,Hyderabad,2024-05-17
CUST00540,Customer 540,East,Patna,2024-10-11
CUST00541,Customer 541,South,Bengaluru,2023-12-04
CUST00542,Customer 542,West,Pune,2024-07-03
CUST00543,Customer 543,West,Pune,2024-09-30
CUST00544,Customer 544,Central,Bhopal,2023-10-02
CUST00545,Customer 545,North,Lucknow,2023-06-13
CUST00546,Customer 546,Central,Bhopal,2024-03-18
CUST00547,Customer 547,East,Kolkata,2023-11-15
CUST00548,Customer 548,South,Bengaluru,2024-08-11
CUST00549,Customer 549,East,Patna,2024-05-18
CUST00550,Customer 550,West,Surat,2024-11-16
CUST00551,Customer 551,Central,Indore,2024-01-22
CUST00552,Customer 552,Central,Nagpur,2025-05-19
CUST00553,Customer 553,Central,Bhopal,2025-04-12
CUST00554,Customer 554,East,Patna,2025-06-06
CUST00555,Customer 555,West,Mumbai,2024-08-25
CUST00556,Customer 556,South,Chennai,2025-01-19
CUST00557,Customer 557,South,Bengaluru,2025-02-14
CUST00558,Customer 558,East,Bhubaneswar,2024-11-21
CUST00559,Customer 559,Central,Indore,2024-05-08
CUST00560,Customer 560,North,Chandigarh,2024-05-04
CUST00561,Customer 561,East,Bhubaneswar,2024-12-21
CUST00562,Customer 562,East,Ranchi,2023-03-14
CUST00563,Customer 563,West,Pune,2024-05-23
CUST00564,Customer 564,South,Bengaluru,2024-01-25
CUST00565,Customer 565,East,Kolkata,2024-09-10
CUST00566,Customer 566,East,Bhubaneswar,2025-05-06
CUST00567,Customer 567,Central,Nagpur,2023-10-22
CUST00568,Customer 568,Central,Indore,2024-01-04
CUST00569,Customer 569,North,Lucknow,2025-03-06
CUST00570,Customer 570,West,Mumbai,2025-05-14
CUST00571,Customer 571,North,Lucknow,2024-11-24
CUST00572,Customer 572,Central,Kanpur,2024-07-02
CUST00573,Customer 573,South,Hyderabad,2024-10-10
CUST00574,Customer 574,Central,Bhopal,2025-04-29
CUST00575,Customer 575,West,Mumbai,2024-07-21
CUST00576,Customer 576,Central,Kanpur,2023-07-06
CUST00577,Customer 577,West,Pune,2025-05-02
CUST00578,Customer 578,West,Mumbai,2025-02-08
CUST00579,Customer 579,West,Ahmedabad,2024-03-20
CUST00580,Customer 580,West,Ahmedabad,2024-07-23
CUST00581,Customer 581,West,Mumbai,2023-12-29
CUST00582,Customer 582,South,Hyderabad,2023-05-03
CUST00583,Customer 583,North,Chandigarh,2023-07-07
CUST00584,Customer 584,East,Kolkata,2025-01-11
CUST00585,Customer 585,North,Jaipur,2024-11-10
CUST00586,Customer 586,West,Surat,2024-02-24
CUST00587,Customer 587,South,Bengaluru,2024-09-17
CUST00588,Customer 588,Central,Bhopal,2023-09-09
CUST00589,Customer 589,South,Hyderabad,2024-09-10
CUST00590,Customer 590,West,Pune,2024-07-02
CUST00591,Customer 591,South,Kochi,2023-12-01
CUST00592,Customer 592,South,Hyderabad,2023-04-02
CUST00593,Customer 593,West,Mumbai,2024-06-13
CUST00594,Customer 594,South,Hyderabad,2025-05-15
CUST00595,Customer 595,East,Kolkata,2023-03-04
CUST00596,Customer 596,East,Kolkata,2024-10-23
CUST00597,Customer 597,South,Chennai,2024-05-26
CUST00598,Customer 598,Central,Bhopal,2023-05-19
CUST00599,Customer 599,West,Pune,2024-11-28
CUST00600,Customer 600,East,Ranchi,2023-07-04
CUST00601,Customer 601,Central,Nagpur,2023-07-24
CUST00602,Customer 602,South,Chennai,2025-02-10
CUST00603,Customer 603,Central,Nagpur,2023-08-02
CUST00604,Customer 604,North,Lucknow,2023-09-13
CUST00605,Customer 605,East,Patna,2023-05-15
CUST00606,Customer 606,South,Kochi,2024-07-26
CUST00607,Customer 607,West,Surat,2025-05-24
CUST00608,Customer 608,South,Hyderabad,2025-04-01
CUST00609,Customer 609,West,Mumbai,2023-03-29
CUST00610,Customer 610,South,Hyderabad,2025-04-15
CUST00611,Customer 611,Central,Indore,2023-07-26
CUST00612,Customer 612,Central,Nagpur,2023-05-09
CUST00613,Customer 613,Central,Indore,2025-04-02
CUST00614,Customer 614,North,Chandigarh,2023-01-03
CUST00615,Customer 615,West,Surat,2025-01-23
CUST00616,Customer 616,Central,Bhopal,2023-05-01
CUST00617,Customer 617,North,Lucknow,2024-01-20
CUST00618,Customer 618,West,Mumbai,2024-09-05
CUST00619,Customer 619,South,Chennai,2023-02-07
CUST00620,Customer 620,North,Chandigarh,2023-12-07
CUST00621,Customer 621,East,Ranchi,2024-10-06
CUST00622,Customer 622,North,Delhi,2024-12-14
CUST00623,Customer 623,North,Chandigarh,2025-05-09
CUST00624,Customer 624,West,Ahmedabad,2023-01-21
CUST00625,Customer 625,South,Chennai,2023-08-30
CUST00626,Customer 626,East,Ranchi,2024-03-30
CUST00627,Customer 627,Central,Nagpur,2024-09-12
CUST00628,Customer 628,Central,Kanpur,2023-10-30
CUST00629,Customer 629,North,Lucknow,2024-08-18
CUST00630,Customer 630,West,Surat,2024-08-17
CUST00631,Customer 631,West,Mumbai,2025-03-13
CUST00632,Customer 632,Central,Nagpur,2023-03-10
CUST00633,Customer 633,East,Kolkata,2023-05-09
CUST00634,Customer 634,South,Bengaluru,2023-07-15
CUST00635,Customer 635,East,Patna,2023-05-20
CUST00636,Customer 636,South,Kochi,2024-03-19
CUST00637,Customer 637,Central,Indore,2023-10-10
CUST00638,Customer 638,South,Bengaluru,2023-11-08
CUST00639,Customer 639,West,Pune,2025-01-15
CUST00640,Customer 640,North,Chandigarh,2024-06-18
CUST00641,Customer 641,North,Jaipur,2024-10-26
CUST00642,Customer 642,Central,Nagpur,2023-10-04
CUST00643,Customer 643,West,Ahmedabad,2023-03-02
CUST00644,Customer 644,East,Patna,2023-11-15
CUST00645,Customer 645,West,Ahmedabad,2025-06-08
CUST00646,Customer 646,North,Lucknow,2023-02-21
CUST00647,Customer 647,North,Lucknow,2025-05-05
CUST00648,Customer 648,West,Pune,2023-06-02
CUST00649,Customer 649,West,Ahmedabad,2025-01-18
CUST00650,Customer 650,North,Delhi,2023-11-07
CUST00651,Customer 651,East,Kolkata,2025-03-24
CUST00652,Customer 652,Central,Bhopal,2024-06-27
CUST00653,Customer 653,Central,Nagpur,2024-07-20
CUST00654,Customer 654,West,Mumbai,2025-05-13
CUST00655,Customer 655,Central,Nagpur,2024-01-24
CUST00656,Customer 656,North,Jaipur,2024-07-01
CUST00657,Customer 657,North,Chandigarh,2024-09-13
CUST00658,Customer 658,West,Surat,2023-06-26
CUST00659,Customer 659,West,Surat,2023-12-28
CUST00660,Customer 660,West,Surat,2023-11-10
CUST00661,Customer 661,East,Bhubaneswar,2025-03-17
CUST00662,Customer 662,Central,Kanpur,2025-04-27
CUST00663,Customer 663,West,Ahmedabad,2023-04-07
CUST00664,Customer 664,South,Kochi,2025-05-30
CUST00665,Customer 665,South,Bengaluru,2023-08-01
CUST00666,Customer 666,North,Delhi,2025-04-08
CUST00667,Customer 667,Central,Bhopal,2023-05-17
CUST00668,Customer 668,West,Mumbai,2023-01-06
CUST00669,Customer 669,South,Chennai,2023-04-19
CUST00670,Customer 670,Central,Nagpur,2024-06-30
CUST00671,Customer 671,North,Chandigarh,2023-02-08
CUST00672,Customer 672,East,Patna,2024-10-23
CUST00673,Customer 673,Central,Indore,2024-02-29
CUST00674,Customer 674,Central,Indore,2024-09-21
CUST00675,Customer 675,East,Kolkata,2023-09-18
CUST00676,Customer 676,Central,Nagpur,2024-03-01
CUST00677,Customer 677,North,Jaipur,2023-03-28
CUST00678,Customer 678,North,Lucknow,2024-04-09
CUST00679,Customer 679,East,Bhubaneswar,2023-03-17
CUST00680,Customer 680,West,Pune,2024-04-15
CUST00681,Customer 681,South,Hyderabad,2024-02-18
CUST00682,Customer 682,West,Surat,2025-04-04
CUST00683,Customer 683,Central,Indore,2025-06-13
CUST00684,Customer 684,South,Chennai,2024-12-26
CUST00685,Customer 685,East,Patna,2024-04-01
CUST00686,Customer 686,East,Bhubaneswar,2023-10-12
CUST00687,Customer 687,South,Chennai,2023-08-27
CUST00688,Customer 688,North,Lucknow,2024-11-07
CUST00689,Customer 689,South,Bengaluru,2024-08-21
CUST00690,Customer 690,Central,Indore,2024-10-14
CUST00691,Customer 691,North,Delhi,2024-11-02
CUST00692,Customer 692,East,Bhubaneswar,2024-07-11
CUST00693,Customer 693,South,Chennai,2024-01-07
CUST00694,Customer 694,West,Mumbai,2024-05-09
CUST00695,Customer 695,West,Pune,2024-09-15
CUST00696,Customer 696,Central,Kanpur,2023-02-14
CUST00697,Customer 697,West,Mumbai,2024-02-05
CUST00698,Customer 698,South,Chennai,2023-09-04
CUST00699,Customer 699,South,Kochi,2024-09-07
CUST00700,Customer 700,West,Mumbai,2024-08-19
CUST00701,Customer 701,South,Hyderabad,2024-03-25
CUST00702,Customer 702,Central,Indore,2024-04-29
CUST00703,Customer 703,North,Jaipur,2024-10-07
CUST00704,Customer 704,Central,Nagpur,2024-09-11
CUST00705,Customer 705,Central,Bhopal,2023-01-18
CUST00706,Customer 706,South,Kochi,2024-08-28
CUST00707,Customer 707,North,Delhi,2024-10-23
CUST00708,Customer 708,South,Bengaluru,2025-01-27
CUST00709,Customer 709,East,Kolkata,2023-10-16
CUST00710,Customer 710,South,Bengaluru,2024-02-18
CUST00711,Customer 711,South,Hyderabad,2024-12-21
CUST00712,Customer 712,South,Hyderabad,2024-09-29
CUST00713,Customer 713,North,Jaipur,2023-08-23
CUST00714,Customer 714,South,Kochi,2024-02-20
CUST00715,Customer 715,North,Delhi,2024-05-13
CUST00716,Customer 716,West,Mumbai,2024-09-25
CUST00717,Customer 717,East,Ranchi,2024-10-11
CUST00718,Customer 718,North,Chandigarh,2023-04-25
CUST00719,Customer 719,West,Pune,2024-11-04
CUST00720,Customer 720,North,Chandigarh,2024-12-13
CUST00721,Customer 721,North,Delhi,2023-08-22
CUST00722,Customer 722,East,Kolkata,2024-06-23
CUST00723,Customer 723,Central,Kanpur,2023-01-11
CUST00724,Customer 724,Central,Kanpur,2023-07-25
CUST00725,Customer 725,North,Delhi,2024-11-09
CUST00726,Customer 726,South,Chennai,2023-09-04
CUST00727,Customer 727,West,Mumbai,2024-07-12
CUST00728,Customer 728,South,Chennai,2025-01-27
CUST00729,Customer 729,South,Bengaluru,2023-05-07
CUST00730,Customer 730,North,Lucknow,2023-05-27
CUST00731,Customer 731,North,Lucknow,2023-04-28
CUST00732,Customer 732,North,Lucknow,2025-06-29
CUST00733,Customer 733,North,Lucknow,2024-01-17
CUST00734,Customer 734,Central,Bhopal,2024-02-16
CUST00735,Customer 735,North,Jaipur,2024-10-25
CUST00736,Customer 736,Central,Nagpur,2024-08-06
CUST00737,Customer 737,Central,Kanpur,2023-12-29
CUST00738,Customer 738,North,Lucknow,2024-05-23
CUST00739,Customer 739,East,Bhubaneswar,2023-05-17
CUST00740,Customer 740,West,Mumbai,2023-06-24
CUST00741,Customer 741,South,Bengaluru,2023-10-16
CUST00742,Customer 742,Central,Bhopal,2024-04-25
CUST00743,Customer 743,West,Ahmedabad,2023-01-19
CUST00744,Customer 744,East,Ranchi,2023-07-14
CUST00745,Customer 745,South,Bengaluru,2023-11-26
CUST00746,Customer 746,South,Kochi,2023-06-24
CUST00747,Customer 747,Central,Indore,2024-03-24
CUST00748,Customer 748,North,Lucknow,2023-12-20
CUST00749,Customer 749,East,Ranchi,2024-05-13
CUST00750,Customer 750,Central,Indore,2023-05-21
CUST00751,Customer 751,East,Kolkata,2025-01-27
CUST00752,Customer 752,North,Chandigarh,2025-06-15
CUST00753,Customer 753,North,Lucknow,2023-04-03
CUST00754,Customer 754,Central,Nagpur,2023-08-27
CUST00755,Customer 755,North,Delhi,2023-07-24
CUST00756,Customer 756,West,Ahmedabad,2024-07-13
CUST00757,Customer 757,South,Bengaluru,2024-03-08
CUST00758,Customer 758,Central,Indore,2023-09-02
CUST00759,Customer 759,East,Bhubaneswar,2025-04-11
CUST00760,Customer 760,West,Ahmedabad,2023-11-13
CUST00761,Customer 761,Central,Nagpur,2023-10-22
CUST00762,Customer 762,North,Lucknow,2024-10-01
CUST00763,Customer 763,North,Delhi,2025-05-05
CUST00764,Customer 764,North,Delhi,2023-10-09
CUST00765,Customer 765,North,Lucknow,2023-01-17
CUST00766,Customer 766,East,Ranchi,2023-03-12
CUST00767,Customer 767,West,Pune,2023-09-26
CUST00768,Customer 768,South,Kochi,2023-11-21
CUST00769,Customer 769,East,Bhubaneswar,2025-03-04
CUST00770,Customer 770,East,Kolkata,2023-11-01
CUST00771,Customer 771,South,Kochi,2024-03-26
CUST00772,Customer 772,South,Chennai,2023-01-07
CUST00773,Customer 773,North,Lucknow,2023-11-10
CUST00774,Customer 774,East,Kolkata,2025-03-27
CUST00775,Customer 775,Central,Indore,2023-04-13
CUST00776,Customer 776,South,Bengaluru,2025-03-31
CUST00777,Customer 777,South,Kochi,2023-07-12
CUST00778,Customer 778,West,Surat,2025-01-22
CUST00779,Customer 779,Central,Kanpur,2024-07-27
CUST00780,Customer 780,Central,Kanpur,2024-06-12
CUST00781,Customer 781,South,Bengaluru,2023-06-20
CUST00782,Customer 782,North,Chandigarh,2024-06-20
CUST00783,Customer 783,West,Pune,2023-09-08
CUST00784,Customer 784,Central,Indore,2025-02-03
CUST00785,Customer 785,South,Hyderabad,2024-01-22
CUST00786,Customer 786,Central,Nagpur,2023-07-26
CUST00787,Customer 787,West,Ahmedabad,2024-06-24
CUST00788,Customer 788,West,Mumbai,2024-09-20
CUST00789,Customer 789,East,Bhubaneswar,2024-02-20
CUST00790,Customer 790,South,Hyderabad,2025-03-04
CUST00791,Customer 791,West,Pune,2024-01-15
CUST00792,Customer 792,East,Kolkata,2023-05-24
CUST00793,Customer 793,East,Patna,2023-01-25
CUST00794,Customer 794,Central,Nagpur,2025-04-01
CUST00795,Customer 795,Central,Bhopal,2024-10-29
CUST00796,Customer 796,East,Kolkata,2023-03-14
CUST00797,Customer 797,Central,Bhopal,2024-09-23
CUST00798,Customer 798,West,Ahmedabad,2025-04-03
CUST00799,Customer 799,North,Lucknow,2025-04-12
CUST00800,Customer 800,West,Surat,2023-04-03
CUST00801,Customer 801,East,Kolkata,2024-05-19
CUST00802,Customer 802,East,Kolkata,2024-08-20
CUST00803,Customer 803,West,Surat,2023-12-02
CUST00804,Customer 804,Central,Nagpur,2024-02-29
CUST00805,Customer 805,Central,Kanpur,2024-05-13
CUST00806,Customer 806,East,Bhubaneswar,2023-12-30
CUST00807,Customer 807,South,Chennai,2024-09-21
CUST00808,Customer 808,Central,Nagpur,2025-01-14
CUST00809,Customer 809,West,Pune,2023-07-18
CUST00810,Customer 810,Central,Kanpur,2024-12-18
CUST00811,Customer 811,West,Ahmedabad,2024-02-17
CUST00812,Customer 812,East,Patna,2023-12-05
CUST00813,Customer 813,Central,Bhopal,2024-10-20
CUST00814,Customer 814,West,Surat,2024-03-04
CUST00815,Customer 815,East,Ranchi,2025-02-21
CUST00816,Customer 816,South,Kochi,2025-06-17
CUST00817,Customer 817,West,Surat,2023-05-19
CUST00818,Customer 818,South,Kochi,2024-11-23
CUST00819,Customer 819,South,Chennai,2024-06-25
CUST00820,Customer 820,North,Lucknow,2023-02-26
CUST00821,Customer 821,Central,Indore,2023-08-20
CUST00822,Customer 822,West,Pune,2024-10-19
CUST00823,Customer 823,South,Kochi,2024-03-10
CUST00824,Customer 824,North,Jaipur,2024-01-19
CUST00825,Customer 825,East,Patna,2024-07-13
CUST00826,Customer 826,West,Mumbai,2023-07-13
CUST00827,Customer 827,South,Chennai,2025-01-05
CUST00828,Customer 828,Central,Nagpur,2024-10-09
CUST00829,Customer 829,North,Lucknow,2024-06-17
CUST00830,Customer 830,South,Hyderabad,2024-06-01
CUST00831,Customer 831,Central,Indore,2024-12-16
CUST00832,Customer 832,South,Hyderabad,2025-01-20
CUST00833,Customer 833,West,Surat,2023-07-04
CUST00834,Customer 834,West,Mumbai,2025-05-21
CUST00835,Customer 835,West,Ahmedabad,2023-10-19
CUST00836,Customer 836,North,Jaipur,2023-12-01
CUST00837,Customer 837,West,Mumbai,2025-01-01
CUST00838,Customer 838,Central,Indore,2023-04-26
CUST00839,Customer 839,South,Bengaluru,2025-04-04
CUST00840,Customer 840,East,Bhubaneswar,2023-02-18
CUST00841,Customer 841,Central,Indore,2024-11-15
CUST00842,Customer 842,Central,Bhopal,2023-03-23
CUST00843,Customer 843,West,Surat,2025-04-13
CUST00844,Customer 844,North,Lucknow,2023-11-29
CUST00845,Customer 845,South,Hyderabad,2024-07-10
CUST00846,Customer 846,North,Lucknow,2023-12-01
CUST00847,Customer 847,South,Hyderabad,2024-06-15
CUST00848,Customer 848,South,Kochi,2023-08-09
CUST00849,Customer 849,North,Lucknow,2024-09-26
CUST00850,Customer 850,Central,Kanpur,2025-01-15
CUST00851,Customer 851,South,Hyderabad,2025-01-02
CUST00852,Customer 852,North,Chandigarh,2023-11-19
CUST00853,Customer 853,South,Hyderabad,2025-04-30
CUST00854,Customer 854,East,Kolkata,2023-01-03
CUST00855,Customer 855,Central,Nagpur,2024-11-24
CUST00856,Customer 856,West,Surat,2023-07-25
CUST00857,Customer 857,South,Bengaluru,2025-04-11
CUST00858,Customer 858,East,Kolkata,2023-02-09
CUST00859,Customer 859,West,Mumbai,2023-02-28
CUST00860,Customer 860,West,Mumbai,2024-07-27
CUST00861,Customer 861,South,Bengaluru,2024-10-05
CUST00862,Customer 862,North,Chandigarh,2024-05-21
CUST00863,Customer 863,South,Kochi,2024-07-25
CUST00864,Customer 864,East,Patna,2025-06-02
CUST00865,Customer 865,West,Ahmedabad,2025-04-22
CUST00866,Customer 866,South,Chennai,2023-05-02
CUST00867,Customer 867,North,Lucknow,2024-04-23
CUST00868,Customer 868,South,Hyderabad,2024-09-10
CUST00869,Customer 869,Central,Kanpur,2023-04-06
CUST00870,Customer 870,North,Delhi,2025-05-08
CUST00871,Customer 871,East,Patna,2024-02-18
CUST00872,Customer 872,West,Pune,2023-08-23
CUST00873,Customer 873,South,Bengaluru,2025-06-16
CUST00874,Customer 874,North,Lucknow,2023-03-03
CUST00875,Customer 875,Central,Indore,2023-09-13
CUST00876,Customer 876,North,Chandigarh,2024-07-14
CUST00877,Customer 877,Central,Bhopal,2025-06-23
CUST00878,Customer 878,East,Ranchi,2023-12-14
CUST00879,Customer 879,West,Pune,2024-11-01
CUST00880,Customer 880,East,Kolkata,2023-05-04
CUST00881,Customer 881,South,Chennai,2024-04-26
CUST00882,Customer 882,North,Lucknow,2023-11-13
CUST00883,Customer 883,Central,Indore,2024-05-18
CUST00884,Customer 884,Central,Bhopal,2024-12-19
CUST00885,Customer 885,North,Jaipur,2023-02-17
CUST00886,Customer 886,North,Jaipur,2024-02-13
CUST00887,Customer 887,South,Kochi,2023-05-16
CUST00888,Customer 888,East,Bhubaneswar,2023-07-20
CUST00889,Customer 889,Central,Kanpur,2023-09-07
CUST00890,Customer 890,South,Kochi,2023-11-10
CUST00891,Customer 891,East,Ranchi,2025-05-18
CUST00892,Customer 892,South,Chennai,2024-01-03
CUST00893,Customer 893,Central,Kanpur,2024-03-04
CUST00894,Customer 894,North,Chandigarh,2025-04-09
CUST00895,Customer 895,North,Lucknow,2025-03-17
CUST00896,Customer 896,East,Ranchi,2024-04-24
CUST00897,Customer 897,West,Pune,2023-11-10
CUST00898,Customer 898,East,Kolkata,2024-05-14
CUST00899,Customer 899,West,Pune,2024-12-21
CUST00900,Customer 900,South,Hyderabad,2023-12-21
CUST00901,Customer 901,South,Hyderabad,2024-04-29
CUST00902,Customer 902,Central,Indore,2023-07-30
CUST00903,Customer 903,West,Pune,2024-12-04
CUST00904,Customer 904,Central,Nagpur,2023-02-13
CUST00905,Customer 905,North,Jaipur,2024-06-24
CUST00906,Customer 906,West,Mumbai,2024-07-24
CUST00907,Customer 907,East,Ranchi,2024-08-05
CUST00908,Customer 908,North,Lucknow,2023-04-02
CUST00909,Customer 909,North,Jaipur,2023-09-22
CUST00910,Customer 910,East,Patna,2025-06-13
CUST00911,Customer 911,North,Lucknow,2023-08-08
CUST00912,Customer 912,West,Mumbai,2025-06-20
CUST00913,Customer 913,Central,Nagpur,2024-03-17
CUST00914,Customer 914,North,Delhi,2024-02-05
CUST00915,Customer 915,West,Mumbai,2024-02-04
CUST00916,Customer 916,South,Bengaluru,2024-12-27
CUST00917,Customer 917,West,Ahmedabad,2025-06-17
CUST00918,Customer 918,Central,Kanpur,2025-02-27
CUST00919,Customer 919,West,Mumbai,2024-07-29
CUST00920,Customer 920,East,Ranchi,2025-05-07
CUST00921,Customer 921,Central,Nagpur,2025-03-14
CUST00922,Customer 922,South,Bengaluru,2024-05-04
CUST00923,Customer 923,East,Ranchi,2024-04-29
CUST00924,Customer 924,West,Surat,2025-01-26
CUST00925,Customer 925,Central,Kanpur,2024-04-14
CUST00926,Customer 926,South,Hyderabad,2024-07-27
CUST00927,Customer 927,East,Kolkata,2025-04-23
CUST00928,Customer 928,South,Kochi,2024-11-12
CUST00929,Customer 929,West,Ahmedabad,2024-03-20
CUST00930,Customer 930,South,Chennai,2023-09-26
CUST00931,Customer 931,North,Lucknow,2023-09-24
CUST00932,Customer 932,East,Ranchi,2023-02-23
CUST00933,Customer 933,South,Hyderabad,2024-06-11
CUST00934,Customer 934,West,Mumbai,2024-06-03
CUST00935,Customer 935,West,Pune,2024-09-07
CUST00936,Customer 936,South,Chennai,2023-02-28
CUST00937,Customer 937,West,Pune,2025-04-04
CUST00938,Customer 938,Central,Nagpur,2023-02-09
CUST00939,Customer 939,Central,Nagpur,2023-08-25
CUST00940,Customer 940,Central,Bhopal,2024-01-21
CUST00941,Customer 941,North,Lucknow,2024-08-28
CUST00942,Customer 942,South,Chennai,2025-01-03
CUST00943,Customer 943,North,Lucknow,2024-12-16
CUST00944,Customer 944,West,Ahmedabad,2024-10-11
CUST00945,Customer 945,North,Chandigarh,2023-10-27
CUST00946,Customer 946,West,Ahmedabad,2024-01-30
CUST00947,Customer 947,West,Pune,2023-07-26
CUST00948,Customer 948,East,Ranchi,2023-12-02
CUST00949,Customer 949,Central,Kanpur,2024-08-15
CUST00950,Customer 950,West,Mumbai,2024-12-30
CUST00951,Customer 951,East,Ranchi,2024-05-28
CUST00952,Customer 952,Central,Bhopal,2023-06-27
CUST00953,Customer 953,West,Mumbai,2024-01-31
CUST00954,Customer 954,West,Mumbai,2024-01-06
CUST00955,Customer 955,North,Lucknow,2025-05-07
CUST00956,Customer 956,North,Lucknow,2025-03-01
CUST00957,Customer 957,Central,Bhopal,2024-10-19
CUST00958,Customer 958,West,Surat,2023-11-14
CUST00959,Customer 959,South,Chennai,2025-01-05
CUST00960,Customer 960,North,Chandigarh,2024-01-04
CUST00961,Customer 961,Central,Kanpur,2024-01-19
CUST00962,Customer 962,West,Ahmedabad,2023-03-03
CUST00963,Customer 963,West,Pune,2025-03-16
CUST00964,Customer 964,South,Chennai,2024-05-19
CUST00965,Customer 965,Central,Nagpur,2023-08-27
CUST00966,Customer 966,West,Surat,2023-07-14
CUST00967,Customer 967,North,Jaipur,2024-11-08
CUST00968,Customer 968,South,Kochi,2023-08-10
CUST00969,Customer 969,Central,Bhopal,2023-03-02
CUST00970,Customer 970,South,Chennai,2023-05-09
CUST00971,Customer 971,North,Jaipur,2024-11-15
CUST00972,Customer 972,Central,Kanpur,2023-06-05
CUST00973,Customer 973,South,Kochi,2024-01-13
CUST00974,Customer 974,East,Patna,2024-09-13
CUST00975,Customer 975,North,Lucknow,2025-02-19
CUST00976,Customer 976,North,Chandigarh,2025-05-17
CUST00977,Customer 977,North,Jaipur,2025-06-21
CUST00978,Customer 978,East,Patna,2025-02-28
CUST00979,Customer 979,East,Patna,2024-08-08
CUST00980,Customer 980,West,Surat,2024-03-12
CUST00981,Customer 981,South,Hyderabad,2023-07-26
CUST00982,Customer 982,West,Pune,2024-01-23
CUST00983,Customer 983,South,Kochi,2024-04-24
CUST00984,Customer 984,East,Bhubaneswar,2025-03-01
CUST00985,Customer 985,East,Patna,2025-06-05
CUST00986,Customer 986,West,Ahmedabad,2025-04-17
CUST00987,Customer 987,Central,Bhopal,2023-12-06
CUST00988,Customer 988,West,Mumbai,2025-05-18
CUST00989,Customer 989,South,Hyderabad,2023-12-06
CUST00990,Customer 990,West,Mumbai,2023-07-23
CUST00991,Customer 991,North,Lucknow,2023-06-10
CUST00992,Customer 992,South,Bengaluru,2024-06-23
CUST00993,Customer 993,South,Bengaluru,2024-01-27
CUST00994,Customer 994,Central,Kanpur,2025-02-07
CUST00995,Customer 995,East,Bhubaneswar,2024-11-07
CUST00996,Customer 996,South,Bengaluru,2024-07-28
CUST00997,Customer 997,East,Kolkata,2024-06-17
CUST00998,Customer 998,West,Mumbai,2023-03-11
CUST00999,Customer 999,North,Lucknow,2025-06-11
CUST01000,Customer 1000,Central,Kanpur,2024-02-09
CUST01001,Customer 1001,East,Patna,2024-08-30
CUST01002,Customer 1002,South,Bengaluru,2024-11-05
CUST01003,Customer 1003,East,Kolkata,2024-08-13
CUST01004,Customer 1004,South,Chennai,2024-05-31
CUST01005,Customer 1005,East,Patna,2025-04-07
CUST01006,Customer 1006,South,Bengaluru,2023-04-30
CUST01007,Customer 1007,West,Ahmedabad,2025-03-24
CUST01008,Customer 1008,South,Hyderabad,2024-11-20
CUST01009,Customer 1009,South,Kochi,2024-11-18
CUST01010,Customer 1010,North,Jaipur,2025-06-20
CUST01011,Customer 1011,South,Chennai,2023-08-05
CUST01012,Customer 1012,North,Jaipur,2023-02-25
CUST01013,Customer 1013,Central,Nagpur,2024-01-01
CUST01014,Customer 1014,North,Chandigarh,2024-11-29
CUST01015,Customer 1015,West,Pune,2024-05-18
CUST01016,Customer 1016,North,Chandigarh,2025-01-13
CUST01017,Customer 1017,Central,Nagpur,2025-02-05
CUST01018,Customer 1018,West,Surat,2024-03-30
CUST01019,Customer 1019,East,Bhubaneswar,2023-04-14
CUST01020,Customer 1020,East,Bhubaneswar,2023-03-18
CUST01021,Customer 1021,North,Jaipur,2023-08-18
CUST01022,Customer 1022,North,Chandigarh,2023-09-15
CUST01023,Customer 1023,Central,Bhopal,2023-09-21
CUST01024,Customer 1024,Central,Nagpur,2023-11-27
CUST01025,Customer 1025,South,Bengaluru,2023-07-01
CUST01026,Customer 1026,Central,Nagpur,2025-06-11
CUST01027,Customer 1027,South,Hyderabad,2025-02-06
CUST01028,Customer 1028,West,Pune,2024-07-03
CUST01029,Customer 1029,North,Jaipur,2024-11-18
CUST01030,Customer 1030,West,Ahmedabad,2023-01-27
CUST01031,Customer 1031,Central,Nagpur,2023-10-03
CUST01032,Customer 1032,West,Mumbai,2024-10-13
CUST01033,Customer 1033,West,Ahmedabad,2023-10-26
CUST01034,Customer 1034,West,Ahmedabad,2025-03-09
CUST01035,Customer 1035,Central,Nagpur,2023-04-01
CUST01036,Customer 1036,West,Pune,2024-04-24
CUST01037,Customer 1037,South,Kochi,2024-07-26
CUST01038,Customer 1038,Central,Indore,2024-04-02
CUST01039,Customer 1039,West,Ahmedabad,2024-03-26
CUST01040,Customer 1040,Central,Bhopal,2023-12-31
CUST01041,Customer 1041,East,Bhubaneswar,2025-05-08
CUST01042,Customer 1042,South,Chennai,2024-11-05
CUST01043,Customer 1043,West,Surat,2023-12-17
CUST01044,Customer 1044,East,Bhubaneswar,2024-10-16
CUST01045,Customer 1045,East,Patna,2024-02-04
CUST01046,Customer 1046,Central,Indore,2023-09-10
CUST01047,Customer 1047,East,Kolkata,2025-02-19
CUST01048,Customer 1048,South,Kochi,2025-05-30
CUST01049,Customer 1049,South,Bengaluru,2025-03-13
CUST01050,Customer 1050,North,Lucknow,2024-04-03
CUST01051,Customer 1051,South,Bengaluru,2024-11-29
CUST01052,Customer 1052,East,Patna,2024-05-13
CUST01053,Customer 1053,South,Bengaluru,2024-05-22
CUST01054,Customer 1054,Central,Bhopal,2023-10-31
CUST01055,Customer 1055,North,Delhi,2024-05-15
CUST01056,Customer 1056,East,Bhubaneswar,2025-03-13
CUST01057,Customer 1057,North,Jaipur,2024-08-20
CUST01058,Customer 1058,East,Ranchi,2023-06-15
CUST01059,Customer 1059,Central,Bhopal,2024-02-19
CUST01060,Customer 1060,North,Jaipur,2024-04-06
CUST01061,Customer 1061,West,Mumbai,2023-04-24
CUST01062,Customer 1062,East,Patna,2024-03-08
CUST01063,Customer 1063,West,Surat,2023-12-22
CUST01064,Customer 1064,North,Jaipur,2024-11-25
CUST01065,Customer 1065,West,Surat,2023-07-26
CUST01066,Customer 1066,West,Mumbai,2025-02-06
CUST01067,Customer 1067,North,Jaipur,2023-08-23
CUST01068,Customer 1068,Central,Kanpur,2024-03-17
CUST01069,Customer 1069,West,Surat,2023-12-21
CUST01070,Customer 1070,West,Mumbai,2024-05-29
CUST01071,Customer 1071,Central,Nagpur,2023-07-27
CUST01072,Customer 1072,West,Mumbai,2024-12-09
CUST01073,Customer 1073,West,Surat,2025-05-02
CUST01074,Customer 1074,West,Ahmedabad,2023-05-05
CUST01075,Customer 1075,South,Bengaluru,2023-05-18
CUST01076,Customer 1076,Central,Kanpur,2023-12-05
CUST01077,Customer 1077,West,Ahmedabad,2024-06-20
CUST01078,Customer 1078,Central,Indore,2023-03-09
CUST01079,Customer 1079,East,Kolkata,2024-07-26
CUST01080,Customer 1080,East,Patna,2024-06-24
CUST01081,Customer 1081,West,Pune,2024-01-18
CUST01082,Customer 1082,Central,Nagpur,2023-01-19
CUST01083,Customer 1083,Central,Nagpur,2024-11-13
CUST01084,Customer 1084,Central,Nagpur,2024-03-25
CUST01085,Customer 1085,South,Chennai,2023-03-15
CUST01086,Customer 1086,East,Patna,2024-07-26
CUST01087,Customer 1087,Central,Indore,2024-10-26
CUST01088,Customer 1088,Central,Kanpur,2023-10-03
CUST01089,Customer 1089,South,Hyderabad,2023-02-17
CUST01090,Customer 1090,South,Bengaluru,2023-07-30
CUST01091,Customer 1091,Central,Bhopal,2025-05-04
CUST01092,Customer 1092,North,Chandigarh,2024-10-12
CUST01093,Customer 1093,Central,Nagpur,2024-09-13
CUST01094,Customer 1094,Central,Nagpur,2024-11-25
CUST01095,Customer 1095,South,Hyderabad,2024-06-23
CUST01096,Customer 1096,South,Bengaluru,2024-12-09
CUST01097,Customer 1097,Central,Kanpur,2023-07-10
CUST01098,Customer 1098,Central,Bhopal,2023-11-11
CUST01099,Customer 1099,Central,Indore,2025-06-19
CUST01100,Customer 1100,South,Chennai,2024-07-16
CUST01101,Customer 1101,Central,Kanpur,2024-10-22
CUST01102,Customer 1102,Central,Kanpur,2025-02-18
CUST01103,Customer 1103,West,Surat,2024-07-15
CUST01104,Customer 1104,North,Lucknow,2025-06-18
CUST01105,Customer 1105,East,Kolkata,2025-01-27
CUST01106,Customer 1106,North,Chandigarh,2023-04-23
CUST01107,Customer 1107,West,Ahmedabad,2023-06-19
CUST01108,Customer 1108,East,Bhubaneswar,2024-04-12
CUST01109,Customer 1109,Central,Indore,2024-11-08
CUST01110,Customer 1110,West,Ahmedabad,2023-01-14
CUST01111,Customer 1111,Central,Kanpur,2024-12-15
CUST01112,Customer 1112,South,Bengaluru,2023-10-15
CUST01113,Customer 1113,West,Ahmedabad,2025-06-25
CUST01114,Customer 1114,South,Bengaluru,2023-07-08
CUST01115,Customer 1115,West,Mumbai,2023-06-04
CUST01116,Customer 1116,West,Mumbai,2024-07-20
CUST01117,Customer 1117,South,Kochi,2024-11-24
CUST01118,Customer 1118,East,Ranchi,2024-12-22
CUST01119,Customer 1119,North,Lucknow,2025-06-06
CUST01120,Customer 1120,Central,Kanpur,2024-04-15
CUST01121,Customer 1121,West,Surat,2023-03-16
CUST01122,Customer 1122,Central,Indore,2023-10-04
CUST01123,Customer 1123,South,Bengaluru,2024-10-06
CUST01124,Customer 1124,Central,Bhopal,2023-12-09
CUST01125,Customer 1125,South,Bengaluru,2024-02-29
CUST01126,Customer 1126,Central,Kanpur,2024-07-24
CUST01127,Customer 1127,North,Chandigarh,2024-05-25
CUST01128,Customer 1128,North,Lucknow,2025-05-06
CUST01129,Customer 1129,North,Lucknow,2023-07-01
CUST01130,Customer 1130,North,Chandigarh,2024-04-02
CUST01131,Customer 1131,North,Delhi,2025-04-30
CUST01132,Customer 1132,North,Jaipur,2025-04-12
CUST01133,Customer 1133,South,Bengaluru,2023-03-05
CUST01134,Customer 1134,West,Mumbai,2025-04-18
CUST01135,Customer 1135,Central,Bhopal,2023-09-17
CUST01136,Customer 1136,North,Chandigarh,2023-07-12
CUST01137,Customer 1137,South,Hyderabad,2024-10-16
CUST01138,Customer 1138,South,Kochi,2024-09-07
CUST01139,Customer 1139,South,Kochi,2024-02-10
CUST01140,Customer 1140,West,Mumbai,2024-12-26
CUST01141,Customer 1141,Central,Indore,2025-01-23
CUST01142,Customer 1142,West,Ahmedabad,2024-12-21
CUST01143,Customer 1143,East,Ranchi,2023-04-03
CUST01144,Customer 1144,South,Chennai,2024-03-05
CUST01145,Customer 1145,East,Ranchi,2024-10-15
CUST01146,Customer 1146,North,Jaipur,2024-03-09
CUST01147,Customer 1147,North,Lucknow,2024-02-08
CUST01148,Customer 1148,West,Surat,2024-03-09
CUST01149,Customer 1149,Central,Kanpur,2023-04-22
CUST01150,Customer 1150,East,Ranchi,2024-01-10
CUST01151,Customer 1151,Central,Indore,2023-02-28
CUST01152,Customer 1152,West,Mumbai,2023-02-12
CUST01153,Customer 1153,North,Delhi,2023-07-26
CUST01154,Customer 1154,Central,Bhopal,2025-02-18
CUST01155,Customer 1155,Central,Kanpur,2023-10-23
CUST01156,Customer 1156,North,Delhi,2023-04-28
CUST01157,Customer 1157,East,Ranchi,2024-06-15
CUST01158,Customer 1158,North,Lucknow,2023-08-10
CUST01159,Customer 1159,Central,Bhopal,2023-06-15
CUST01160,Customer 1160,East,Ranchi,2024-10-04
CUST01161,Customer 1161,East,Kolkata,2023-06-05
CUST01162,Customer 1162,North,Delhi,2023-07-03
CUST01163,Customer 1163,Central,Bhopal,2023-03-31
CUST01164,Customer 1164,West,Ahmedabad,2023-04-04
CUST01165,Customer 1165,Central,Bhopal,2023-01-13
CUST01166,Customer 1166,South,Kochi,2025-04-13
CUST01167,Customer 1167,West,Pune,2025-03-15
CUST01168,Customer 1168,East,Kolkata,2025-01-11
CUST01169,Customer 1169,West,Surat,2025-04-13
CUST01170,Customer 1170,East,Kolkata,2025-03-14
CUST01171,Customer 1171,East,Patna,2024-03-13
CUST01172,Customer 1172,West,Mumbai,2024-06-21
CUST01173,Customer 1173,East,Kolkata,2024-08-09
CUST01174,Customer 1174,East,Bhubaneswar,2025-05-25
CUST01175,Customer 1175,South,Bengaluru,2025-03-21
CUST01176,Customer 1176,Central,Nagpur,2023-05-30
CUST01177,Customer 1177,Central,Nagpur,2024-10-21
CUST01178,Customer 1178,South,Hyderabad,2023-01-08
CUST01179,Customer 1179,West,Surat,2023-01-29
CUST01180,Customer 1180,North,Jaipur,2023-10-23
CUST01181,Customer 1181,North,Lucknow,2024-12-21
CUST01182,Customer 1182,North,Chandigarh,2024-10-01
CUST01183,Customer 1183,South,Chennai,2023-12-06
CUST01184,Customer 1184,South,Kochi,2024-09-19
CUST01185,Customer 1185,East,Ranchi,2024-03-14
CUST01186,Customer 1186,North,Delhi,2023-05-24
CUST01187,Customer 1187,West,Surat,2025-04-09
CUST01188,Customer 1188,West,Surat,2025-01-16
CUST01189,Customer 1189,North,Jaipur,2024-06-02
CUST01190,Customer 1190,North,Jaipur,2023-02-14
CUST01191,Customer 1191,North,Delhi,2023-08-27
CUST01192,Customer 1192,South,Kochi,2023-06-04
CUST01193,Customer 1193,South,Bengaluru,2023-06-30
CUST01194,Customer 1194,South,Kochi,2023-08-03
CUST01195,Customer 1195,Central,Indore,2023-03-29
CUST01196,Customer 1196,West,Ahmedabad,2023-09-13
CUST01197,Customer 1197,West,Mumbai,2024-05-25
CUST01198,Customer 1198,East,Kolkata,2023-03-14
CUST01199,Customer 1199,South,Bengaluru,2023-06-28
CUST01200,Customer 1200,Central,Bhopal,2023-07-31
CUST01201,Customer 1201,Central,Bhopal,2025-03-15
CUST01202,Customer 1202,West,Pune,2023-08-22
CUST01203,Customer 1203,South,Bengaluru,2024-04-09
CUST01204,Customer 1204,East,Ranchi,2025-01-20
CUST01205,Customer 1205,South,Hyderabad,2023-08-11
CUST01206,Customer 1206,North,Delhi,2024-09-22
CUST01207,Customer 1207,South,Chennai,2025-04-04
CUST01208,Customer 1208,North,Jaipur,2023-09-21
CUST01209,Customer 1209,North,Delhi,2023-07-26
CUST01210,Customer 1210,East,Kolkata,2024-08-29
CUST01211,Customer 1211,West,Pune,2025-06-03
CUST01212,Customer 1212,South,Kochi,2025-01-03
CUST01213,Customer 1213,North,Jaipur,2024-01-01
CUST01214,Customer 1214,South,Chennai,2023-10-03
CUST01215,Customer 1215,West,Mumbai,2024-01-15
CUST01216,Customer 1216,West,Surat,2025-01-12
CUST01217,Customer 1217,Central,Bhopal,2023-11-05
CUST01218,Customer 1218,West,Pune,2024-09-22
CUST01219,Customer 1219,East,Patna,2023-09-25
CUST01220,Customer 1220,North,Delhi,2025-02-23
CUST01221,Customer 1221,Central,Indore,2023-03-05
CUST01222,Customer 1222,East,Patna,2025-03-20
CUST01223,Customer 1223,South,Chennai,2023-12-16
CUST01224,Customer 1224,North,Delhi,2024-05-08
CUST01225,Customer 1225,West,Surat,2024-06-06
CUST01226,Customer 1226,North,Jaipur,2023-04-08
CUST01227,Customer 1227,South,Kochi,2023-03-12
CUST01228,Customer 1228,Central,Nagpur,2023-12-30
CUST01229,Customer 1229,Central,Kanpur,2024-07-23
CUST01230,Customer 1230,Central,Indore,2025-03-12
CUST01231,Customer 1231,West,Mumbai,2025-02-01
CUST01232,Customer 1232,East,Ranchi,2023-10-03
CUST01233,Customer 1233,East,Bhubaneswar,2023-02-19
CUST01234,Customer 1234,North,Chandigarh,2023-12-24
CUST01235,Customer 1235,West,Pune,2024-12-28
CUST01236,Customer 1236,Central,Bhopal,2025-06-24
CUST01237,Customer 1237,Central,Kanpur,2024-07-17
CUST01238,Customer 1238,South,Kochi,2025-02-21
CUST01239,Customer 1239,South,Hyderabad,2024-04-29
CUST01240,Customer 1240,Central,Nagpur,2023-03-25
CUST01241,Customer 1241,Central,Nagpur,2025-06-17
CUST01242,Customer 1242,West,Ahmedabad,2025-03-15
CUST01243,Customer 1243,East,Kolkata,2024-09-29
CUST01244,Customer 1244,South,Kochi,2025-03-18
CUST01245,Customer 1245,East,Ranchi,2024-08-06
CUST01246,Customer 1246,West,Pune,2023-10-23
CUST01247,Customer 1247,Central,Nagpur,2023-08-24
CUST01248,Customer 1248,East,Patna,2023-02-25
CUST01249,Customer 1249,Central,Bhopal,2023-12-26
CUST01250,Customer 1250,Central,Kanpur,2025-06-25
CUST01251,Customer 1251,North,Jaipur,2023-04-20
CUST01252,Customer 1252,East,Patna,2023-07-11
CUST01253,Customer 1253,East,Patna,2025-06-22
CUST01254,Customer 1254,Central,Bhopal,2023-04-03
CUST01255,Customer 1255,West,Mumbai,2025-05-11
CUST01256,Customer 1256,North,Jaipur,2024-07-21
CUST01257,Customer 1257,Central,Kanpur,2023-03-01
CUST01258,Customer 1258,South,Chennai,2024-10-11
CUST01259,Customer 1259,South,Hyderabad,2023-02-08
CUST01260,Customer 1260,North,Chandigarh,2024-06-23
CUST01261,Customer 1261,West,Surat,2023-02-18
CUST01262,Customer 1262,Central,Kanpur,2024-02-24
CUST01263,Customer 1263,East,Kolkata,2024-09-28
CUST01264,Customer 1264,North,Delhi,2023-01-13
CUST01265,Customer 1265,West,Ahmedabad,2023-02-05
CUST01266,Customer 1266,East,Bhubaneswar,2023-04-11
CUST01267,Customer 1267,South,Hyderabad,2025-03-04
CUST01268,Customer 1268,South,Kochi,2023-03-27
CUST01269,Customer 1269,East,Kolkata,2024-05-30
CUST01270,Customer 1270,North,Jaipur,2023-08-11
CUST01271,Customer 1271,South,Kochi,2023-12-04
CUST01272,Customer 1272,Central,Nagpur,2023-06-15
CUST01273,Customer 1273,East,Ranchi,2024-01-18
CUST01274,Customer 1274,East,Patna,2025-05-05
CUST01275,Customer 1275,South,Bengaluru,2025-06-13
CUST01276,Customer 1276,North,Chandigarh,2024-01-11
CUST01277,Customer 1277,Central,Kanpur,2024-04-15
CUST01278,Customer 1278,North,Lucknow,2025-02-28
CUST01279,Customer 1279,West,Surat,2024-10-03
CUST01280,Customer 1280,West,Ahmedabad,2023-01-31
CUST01281,Customer 1281,South,Hyderabad,2024-01-10
CUST01282,Customer 1282,South,Bengaluru,2023-01-11
CUST01283,Customer 1283,South,Kochi,2023-10-29
CUST01284,Customer 1284,West,Ahmedabad,2023-04-06
CUST01285,Customer 1285,North,Chandigarh,2023-07-09
CUST01286,Customer 1286,North,Delhi,2024-03-28
CUST01287,Customer 1287,South,Hyderabad,2023-07-11
CUST01288,Customer 1288,Central,Kanpur,2024-04-30
CUST01289,Customer 1289,North,Chandigarh,2023-09-23
CUST01290,Customer 1290,West,Surat,2024-02-28
CUST01291,Customer 1291,East,Kolkata,2023-05-08
CUST01292,Customer 1292,East,Bhubaneswar,2023-08-26
CUST01293,Customer 1293,East,Patna,2023-12-21
CUST01294,Customer 1294,Central,Nagpur,2023-04-22
CUST01295,Customer 1295,South,Kochi,2025-04-07
CUST01296,Customer 1296,West,Ahmedabad,2024-03-21
CUST01297,Customer 1297,Central,Kanpur,2023-12-09
CUST01298,Customer 1298,West,Mumbai,2023-05-25
CUST01299,Customer 1299,West,Mumbai,2023-03-06
CUST01300,Customer 1300,South,Chennai,2023-09-04
CUST01301,Customer 1301,East,Bhubaneswar,2025-01-04
CUST01302,Customer 1302,South,Kochi,2024-05-04
CUST01303,Customer 1303,Central,Kanpur,2025-04-04
CUST01304,Customer 1304,Central,Indore,2024-03-14
CUST01305,Customer 1305,Central,Nagpur,2023-04-16
CUST01306,Customer 1306,South,Hyderabad,2023-06-30
CUST01307,Customer 1307,West,Surat,2023-07-03
CUST01308,Customer 1308,West,Pune,2023-08-14
CUST01309,Customer 1309,North,Chandigarh,2025-02-15
CUST01310,Customer 1310,Central,Bhopal,2025-02-28
CUST01311,Customer 1311,West,Surat,2025-06-27
CUST01312,Customer 1312,North,Delhi,2023-03-30
CUST01313,Customer 1313,West,Ahmedabad,2024-11-18
CUST01314,Customer 1314,Central,Kanpur,2024-06-13
CUST01315,Customer 1315,East,Ranchi,2024-01-06
CUST01316,Customer 1316,Central,Nagpur,2024-02-03
CUST01317,Customer 1317,South,Kochi,2023-04-16
CUST01318,Customer 1318,West,Pune,2023-09-28
CUST01319,Customer 1319,West,Ahmedabad,2025-04-10
CUST01320,Customer 1320,South,Hyderabad,2024-05-17
CUST01321,Customer 1321,South,Kochi,2024-11-09
CUST01322,Customer 1322,East,Ranchi,2024-06-08
CUST01323,Customer 1323,West,Pune,2025-04-28
CUST01324,Customer 1324,West,Mumbai,2023-02-01
CUST01325,Customer 1325,East,Kolkata,2024-01-28
CUST01326,Customer 1326,North,Lucknow,2023-02-09
CUST01327,Customer 1327,East,Bhubaneswar,2024-10-21
CUST01328,Customer 1328,Central,Nagpur,2023-08-06
CUST01329,Customer 1329,West,Ahmedabad,2024-12-31
CUST01330,Customer 1330,South,Chennai,2023-03-23
CUST01331,Customer 1331,Central,Kanpur,2025-04-24
CUST01332,Customer 1332,West,Pune,2024-12-20
CUST01333,Customer 1333,East,Kolkata,2023-07-20
CUST01334,Customer 1334,Central,Bhopal,2024-03-22
CUST01335,Customer 1335,West,Ahmedabad,2025-04-23
CUST01336,Customer 1336,North,Delhi,2024-03-03
CUST01337,Customer 1337,North,Lucknow,2023-02-07
CUST01338,Customer 1338,South,Hyderabad,2023-07-30
CUST01339,Customer 1339,West,Mumbai,2024-03-19
CUST01340,Customer 1340,North,Delhi,2023-11-23
CUST01341,Customer 1341,East,Ranchi,2025-01-30
CUST01342,Customer 1342,West,Surat,2023-08-15
CUST01343,Customer 1343,East,Ranchi,2023-02-17
CUST01344,Customer 1344,East,Patna,2023-01-18
CUST01345,Customer 1345,North,Lucknow,2025-06-30
CUST01346,Customer 1346,West,Surat,2024-03-14
CUST01347,Customer 1347,Central,Indore,2025-03-17
CUST01348,Customer 1348,North,Lucknow,2024-12-08
CUST01349,Customer 1349,North,Delhi,2023-07-06
CUST01350,Customer 1350,West,Mumbai,2023-12-11
CUST01351,Customer 1351,West,Ahmedabad,2023-08-12
CUST01352,Customer 1352,East,Ranchi,2025-04-09
CUST01353,Customer 1353,West,Pune,2024-05-02
CUST01354,Customer 1354,East,Ranchi,2025-06-27
CUST01355,Customer 1355,North,Jaipur,2025-05-26
CUST01356,Customer 1356,South,Kochi,2025-04-28
CUST01357,Customer 1357,Central,Kanpur,2023-08-17
CUST01358,Customer 1358,North,Lucknow,2024-01-25
CUST01359,Customer 1359,West,Ahmedabad,2024-08-11
CUST01360,Customer 1360,Central,Kanpur,2023-07-07
CUST01361,Customer 1361,South,Chennai,2025-05-07
CUST01362,Customer 1362,South,Chennai,2023-09-27
CUST01363,Customer 1363,East,Bhubaneswar,2024-08-29
CUST01364,Customer 1364,Central,Kanpur,2023-11-06
CUST01365,Customer 1365,East,Bhubaneswar,2023-05-12
CUST01366,Customer 1366,North,Delhi,2024-07-04
CUST01367,Customer 1367,Central,Nagpur,2023-03-13
CUST01368,Customer 1368,North,Chandigarh,2025-03-03
CUST01369,Customer 1369,East,Kolkata,2025-04-24
CUST01370,Customer 1370,Central,Indore,2024-11-02
CUST01371,Customer 1371,East,Ranchi,2023-07-06
CUST01372,Customer 1372,Central,Bhopal,2024-04-30
CUST01373,Customer 1373,East,Kolkata,2023-07-10
CUST01374,Customer 1374,South,Chennai,2024-02-26
CUST01375,Customer 1375,East,Bhubaneswar,2023-04-30
CUST01376,Customer 1376,South,Hyderabad,2023-08-08
CUST01377,Customer 1377,East,Bhubaneswar,2023-02-22
CUST01378,Customer 1378,Central,Indore,2025-01-03
CUST01379,Customer 1379,Central,Nagpur,2024-03-26
CUST01380,Customer 1380,Central,Kanpur,2024-02-16
CUST01381,Customer 1381,West,Pune,2024-10-04
CUST01382,Customer 1382,North,Delhi,2023-08-25
CUST01383,Customer 1383,Central,Bhopal,2025-01-27
CUST01384,Customer 1384,South,Bengaluru,2025-01-07
CUST01385,Customer 1385,Central,Bhopal,2024-12-20
CUST01386,Customer 1386,West,Pune,2024-02-10
CUST01387,Customer 1387,South,Chennai,2024-08-30
CUST01388,Customer 1388,West,Pune,2024-02-26
CUST01389,Customer 1389,South,Chennai,2024-12-12
CUST01390,Customer 1390,East,Bhubaneswar,2023-09-04
CUST01391,Customer 1391,North,Jaipur,2023-03-13
CUST01392,Customer 1392,North,Jaipur,2025-04-09
CUST01393,Customer 1393,West,Pune,2023-07-04
CUST01394,Customer 1394,North,Delhi,2023-01-06
CUST01395,Customer 1395,West,Ahmedabad,2023-07-25
CUST01396,Customer 1396,West,Pune,2024-06-27
CUST01397,Customer 1397,West,Ahmedabad,2024-09-02
CUST01398,Customer 1398,North,Jaipur,2025-06-24
CUST01399,Customer 1399,West,Pune,2024-01-22
CUST01400,Customer 1400,North,Delhi,2025-02-06
CUST01401,Customer 1401,West,Surat,2024-11-29
CUST01402,Customer 1402,Central,Nagpur,2023-03-17
CUST01403,Customer 1403,West,Mumbai,2023-06-26
CUST01404,Customer 1404,South,Hyderabad,2025-04-06
CUST01405,Customer 1405,West,Surat,2025-03-09
CUST01406,Customer 1406,East,Kolkata,2023-12-15
CUST01407,Customer 1407,West,Mumbai,2023-09-12
CUST01408,Customer 1408,South,Kochi,2025-04-16
CUST01409,Customer 1409,South,Hyderabad,2024-12-02
CUST01410,Customer 1410,North,Delhi,2023-11-04
CUST01411,Customer 1411,Central,Bhopal,2023-12-11
CUST01412,Customer 1412,West,Ahmedabad,2023-05-07
CUST01413,Customer 1413,North,Lucknow,2023-10-14
CUST01414,Customer 1414,Central,Nagpur,2025-02-04
CUST01415,Customer 1415,West,Surat,2024-12-25
CUST01416,Customer 1416,East,Bhubaneswar,2025-01-31
CUST01417,Customer 1417,West,Mumbai,2024-08-18
CUST01418,Customer 1418,South,Kochi,2024-05-01
CUST01419,Customer 1419,South,Kochi,2024-01-18
CUST01420,Customer 1420,East,Patna,2024-02-10
CUST01421,Customer 1421,North,Chandigarh,2024-01-23
CUST01422,Customer 1422,Central,Nagpur,2024-06-08
CUST01423,Customer 1423,West,Surat,2024-07-10
CUST01424,Customer 1424,South,Kochi,2024-09-30
CUST01425,Customer 1425,North,Lucknow,2024-09-17
CUST01426,Customer 1426,East,Bhubaneswar,2023-10-03
CUST01427,Customer 1427,South,Chennai,2024-05-14
CUST01428,Customer 1428,East,Kolkata,2024-12-17
CUST01429,Customer 1429,West,Surat,2023-12-03
CUST01430,Customer 1430,Central,Indore,2024-04-25
CUST01431,Customer 1431,South,Bengaluru,2025-06-15
CUST01432,Customer 1432,South,Bengaluru,2025-06-29
CUST01433,Customer 1433,West,Pune,2023-09-30
CUST01434,Customer 1434,North,Lucknow,2023-02-27
CUST01435,Customer 1435,Central,Indore,2023-11-24
CUST01436,Customer 1436,South,Hyderabad,2024-12-31
CUST01437,Customer 1437,Central,Bhopal,2023-04-19
CUST01438,Customer 1438,South,Chennai,2023-10-06
CUST01439,Customer 1439,Central,Bhopal,2024-11-16
CUST01440,Customer 1440,East,Bhubaneswar,2023-11-24
CUST01441,Customer 1441,South,Chennai,2025-02-14
CUST01442,Customer 1442,Central,Nagpur,2023-11-11
CUST01443,Customer 1443,North,Chandigarh,2024-04-18
CUST01444,Customer 1444,East,Patna,2023-04-21
CUST01445,Customer 1445,East,Kolkata,2024-11-29
CUST01446,Customer 1446,North,Lucknow,2025-02-19
CUST01447,Customer 1447,Central,Kanpur,2023-08-17
CUST01448,Customer 1448,West,Pune,2024-05-11
CUST01449,Customer 1449,North,Delhi,2023-06-05
CUST01450,Customer 1450,Central,Indore,2024-04-17
CUST01451,Customer 1451,North,Lucknow,2024-12-01
CUST01452,Customer 1452,North,Delhi,2023-09-29
CUST01453,Customer 1453,South,Kochi,2025-06-05
CUST01454,Customer 1454,Central,Bhopal,2023-01-02
CUST01455,Customer 1455,West,Pune,2025-01-27
CUST01456,Customer 1456,South,Hyderabad,2024-12-22
CUST01457,Customer 1457,North,Chandigarh,2024-05-25
CUST01458,Customer 1458,North,Delhi,2023-10-13
CUST01459,Customer 1459,North,Jaipur,2025-05-20
CUST01460,Customer 1460,Central,Nagpur,2023-01-13
CUST01461,Customer 1461,Central,Bhopal,2024-08-30
CUST01462,Customer 1462,South,Kochi,2024-05-12
CUST01463,Customer 1463,West,Surat,2025-01-02
CUST01464,Customer 1464,South,Hyderabad,2023-08-26
CUST01465,Customer 1465,East,Bhubaneswar,2023-04-04
CUST01466,Customer 1466,North,Delhi,2023-12-04
CUST01467,Customer 1467,North,Lucknow,2025-02-19
CUST01468,Customer 1468,North,Lucknow,2023-06-20
CUST01469,Customer 1469,South,Bengaluru,2024-08-28
CUST01470,Customer 1470,South,Hyderabad,2024-10-22
CUST01471,Customer 1471,North,Chandigarh,2024-09-15
CUST01472,Customer 1472,South,Kochi,2024-07-20
CUST01473,Customer 1473,Central,Bhopal,2025-04-28
CUST01474,Customer 1474,Central,Bhopal,2024-04-11
CUST01475,Customer 1475,South,Bengaluru,2024-09-19
CUST01476,Customer 1476,North,Jaipur,2023-05-23
CUST01477,Customer 1477,South,Kochi,2023-07-20
CUST01478,Customer 1478,South,Bengaluru,2023-06-29
CUST01479,Customer 1479,South,Bengaluru,2024-12-14
CUST01480,Customer 1480,East,Bhubaneswar,2023-12-30
CUST01481,Customer 1481,Central,Nagpur,2024-04-23
CUST01482,Customer 1482,West,Mumbai,2024-07-18
CUST01483,Customer 1483,West,Surat,2024-04-15
CUST01484,Customer 1484,East,Ranchi,2024-01-19
CUST01485,Customer 1485,South,Kochi,2024-11-22
CUST01486,Customer 1486,East,Bhubaneswar,2024-02-21
CUST01487,Customer 1487,East,Patna,2025-04-04
CUST01488,Customer 1488,North,Lucknow,2023-11-04
CUST01489,Customer 1489,Central,Kanpur,2024-10-10
CUST01490,Customer 1490,West,Surat,2024-11-24
CUST01491,Customer 1491,South,Chennai,2024-01-02
CUST01492,Customer 1492,West,Surat,2023-01-01
CUST01493,Customer 1493,West,Surat,2023-02-13
CUST01494,Customer 1494,Central,Bhopal,2025-01-08
CUST01495,Customer 1495,West,Ahmedabad,2025-04-22
CUST01496,Customer 1496,West,Surat,2023-04-08
CUST01497,Customer 1497,East,Ranchi,2024-12-20
CUST01498,Customer 1498,Central,Indore,2023-09-22
CUST01499,Customer 1499,North,Jaipur,2025-03-10
CUST01500,Customer 1500,South,Bengaluru,2025-02-21
